int,labels,path
4, mantled_howler,input/training/n3/n3049.jpg
4, mantled_howler,input/training/n3/n3133.jpg
4, mantled_howler,input/training/n3/n3170.jpg
4, mantled_howler,input/training/n3/n3064.jpg
4, mantled_howler,input/training/n3/n3135.jpg
4, mantled_howler,input/training/n3/n3043.jpg
4, mantled_howler,input/training/n3/n3070.jpg
4, mantled_howler,input/training/n3/n3038.jpg
4, mantled_howler,input/training/n3/n3063.jpg
4, mantled_howler,input/training/n3/n3121.jpg
4, mantled_howler,input/training/n3/n3116.jpg
4, mantled_howler,input/training/n3/n3039.jpg
4, mantled_howler,input/training/n3/n3050.jpg
4, mantled_howler,input/training/n3/n3037.jpg
4, mantled_howler,input/training/n3/n3051.jpg
4, mantled_howler,input/training/n3/n3071.jpg
4, mantled_howler,input/training/n3/n3128.jpg
4, mantled_howler,input/training/n3/n3062.jpg
4, mantled_howler,input/training/n3/n3075.jpg
4, mantled_howler,input/training/n3/n3171.jpg
4, mantled_howler,input/training/n3/n3113.jpg
4, mantled_howler,input/training/n3/n3028.jpg
4, mantled_howler,input/training/n3/n3168.jpg
4, mantled_howler,input/training/n3/n3141.jpg
4, mantled_howler,input/training/n3/n3055.jpg
4, mantled_howler,input/training/n3/n3136.jpg
4, mantled_howler,input/training/n3/n3132.jpg
4, mantled_howler,input/training/n3/n3160.jpg
4, mantled_howler,input/training/n3/n3166.jpg
4, mantled_howler,input/training/n3/n3162.jpg
4, mantled_howler,input/training/n3/n3042.jpg
4, mantled_howler,input/training/n3/n3137.jpg
4, mantled_howler,input/training/n3/n3023.jpg
4, mantled_howler,input/training/n3/n3154.jpg
4, mantled_howler,input/training/n3/n3110.jpg
4, mantled_howler,input/training/n3/n3054.jpg
4, mantled_howler,input/training/n3/n3045.jpg
4, mantled_howler,input/training/n3/n3161.jpg
4, mantled_howler,input/training/n3/n3150.jpg
4, mantled_howler,input/training/n3/n3164.jpg
4, mantled_howler,input/training/n3/n3059.jpg
4, mantled_howler,input/training/n3/n3125.jpg
4, mantled_howler,input/training/n3/n3020.jpg
4, mantled_howler,input/training/n3/n3065.jpg
4, mantled_howler,input/training/n3/n3123.jpg
4, mantled_howler,input/training/n3/n3047.jpg
4, mantled_howler,input/training/n3/n3149.jpg
4, mantled_howler,input/training/n3/n3024.jpg
4, mantled_howler,input/training/n3/n3029.jpg
4, mantled_howler,input/training/n3/n3061.jpg
4, mantled_howler,input/training/n3/n3158.jpg
4, mantled_howler,input/training/n3/n3067.jpg
4, mantled_howler,input/training/n3/n3167.jpg
4, mantled_howler,input/training/n3/n3120.jpg
4, mantled_howler,input/training/n3/n3129.jpg
4, mantled_howler,input/training/n3/n3153.jpg
4, mantled_howler,input/training/n3/n3040.jpg
4, mantled_howler,input/training/n3/n3115.jpg
4, mantled_howler,input/training/n3/n3119.jpg
4, mantled_howler,input/training/n3/n3126.jpg
4, mantled_howler,input/training/n3/n3148.jpg
4, mantled_howler,input/training/n3/n3156.jpg
4, mantled_howler,input/training/n3/n3117.jpg
4, mantled_howler,input/training/n3/n3157.jpg
4, mantled_howler,input/training/n3/n3025.jpg
4, mantled_howler,input/training/n3/n3145.jpg
4, mantled_howler,input/training/n3/n3072.jpg
4, mantled_howler,input/training/n3/n3058.jpg
4, mantled_howler,input/training/n3/n3112.jpg
4, mantled_howler,input/training/n3/n3033.jpg
4, mantled_howler,input/training/n3/n3030.jpg
4, mantled_howler,input/training/n3/n3127.jpg
4, mantled_howler,input/training/n3/n3143.jpg
4, mantled_howler,input/training/n3/n3066.jpg
4, mantled_howler,input/training/n3/n3078.jpg
4, mantled_howler,input/training/n3/n3073.jpg
4, mantled_howler,input/training/n3/n3165.jpg
4, mantled_howler,input/training/n3/n3035.jpg
4, mantled_howler,input/training/n3/n3027.jpg
4, mantled_howler,input/training/n3/n3031.jpg
4, mantled_howler,input/training/n3/n3159.jpg
4, mantled_howler,input/training/n3/n3056.jpg
4, mantled_howler,input/training/n3/n3076.jpg
4, mantled_howler,input/training/n3/n3036.jpg
4, mantled_howler,input/training/n3/n3134.jpg
4, mantled_howler,input/training/n3/n3142.jpg
4, mantled_howler,input/training/n3/n3130.jpg
4, mantled_howler,input/training/n3/n3060.jpg
4, mantled_howler,input/training/n3/n3022.jpg
4, mantled_howler,input/training/n3/n3169.jpg
4, mantled_howler,input/training/n3/n3131.jpg
4, mantled_howler,input/training/n3/n3053.jpg
4, mantled_howler,input/training/n3/n3140.jpg
4, mantled_howler,input/training/n3/n3052.jpg
4, mantled_howler,input/training/n3/n3048.jpg
4, mantled_howler,input/training/n3/n3172.jpg
4, mantled_howler,input/training/n3/n3152.jpg
4, mantled_howler,input/training/n3/n3021.jpg
4, mantled_howler,input/training/n3/n3163.jpg
4, mantled_howler,input/training/n3/n3046.jpg
4, mantled_howler,input/training/n3/n3155.jpg
4, mantled_howler,input/training/n3/n3144.jpg
4, mantled_howler,input/training/n3/n3026.jpg
4, mantled_howler,input/training/n3/n3032.jpg
4, mantled_howler,input/training/n3/n3124.jpg
4, mantled_howler,input/training/n3/n3069.jpg
4, mantled_howler,input/training/n3/n3146.jpg
4, mantled_howler,input/training/n3/n3068.jpg
4, mantled_howler,input/training/n3/n3074.jpg
4, mantled_howler,input/training/n3/n3138.jpg
4, mantled_howler,input/training/n3/n3057.jpg
4, mantled_howler,input/training/n3/n3139.jpg
4, mantled_howler,input/training/n3/n3044.jpg
4, mantled_howler,input/training/n3/n3122.jpg
4, mantled_howler,input/training/n3/n3147.jpg
4, mantled_howler,input/training/n3/n3111.jpg
4, mantled_howler,input/training/n3/n3077.jpg
4, mantled_howler,input/training/n3/n3118.jpg
4, mantled_howler,input/training/n3/n3151.jpg
4, mantled_howler,input/training/n3/n3041.jpg
4, mantled_howler,input/training/n3/n3114.jpg
4, mantled_howler,input/training/n3/n3034.jpg
6, patas_monkey,input/training/n2/n2052.jpg
6, patas_monkey,input/training/n2/n2060.jpg
6, patas_monkey,input/training/n2/n2043.jpg
6, patas_monkey,input/training/n2/n2025.jpg
6, patas_monkey,input/training/n2/n2037.jpg
6, patas_monkey,input/training/n2/n2135.jpg
6, patas_monkey,input/training/n2/n2068.jpg
6, patas_monkey,input/training/n2/n2057.jpg
6, patas_monkey,input/training/n2/n2063.jpg
6, patas_monkey,input/training/n2/n2058.jpg
6, patas_monkey,input/training/n2/n2039.jpg
6, patas_monkey,input/training/n2/n2117.jpg
6, patas_monkey,input/training/n2/n2040.jpg
6, patas_monkey,input/training/n2/n2110.jpg
6, patas_monkey,input/training/n2/n2142.jpg
6, patas_monkey,input/training/n2/n2139.jpg
6, patas_monkey,input/training/n2/n2141.jpg
6, patas_monkey,input/training/n2/n2026.jpg
6, patas_monkey,input/training/n2/n2065.jpg
6, patas_monkey,input/training/n2/n2166.jpg
6, patas_monkey,input/training/n2/n2047.jpg
6, patas_monkey,input/training/n2/n2048.jpg
6, patas_monkey,input/training/n2/n2165.jpg
6, patas_monkey,input/training/n2/n2148.jpg
6, patas_monkey,input/training/n2/n2018.jpg
6, patas_monkey,input/training/n2/n2130.jpg
6, patas_monkey,input/training/n2/n2158.jpg
6, patas_monkey,input/training/n2/n2129.jpg
6, patas_monkey,input/training/n2/n2111.jpg
6, patas_monkey,input/training/n2/n2143.jpg
6, patas_monkey,input/training/n2/n2044.jpg
6, patas_monkey,input/training/n2/n2123.jpg
6, patas_monkey,input/training/n2/n2027.jpg
6, patas_monkey,input/training/n2/n2053.jpg
6, patas_monkey,input/training/n2/n2134.jpg
6, patas_monkey,input/training/n2/n2022.jpg
6, patas_monkey,input/training/n2/n2124.jpg
6, patas_monkey,input/training/n2/n2149.jpg
6, patas_monkey,input/training/n2/n2157.jpg
6, patas_monkey,input/training/n2/n2033.jpg
6, patas_monkey,input/training/n2/n2162.jpg
6, patas_monkey,input/training/n2/n2035.jpg
6, patas_monkey,input/training/n2/n2029.jpg
6, patas_monkey,input/training/n2/n2067.jpg
6, patas_monkey,input/training/n2/n2031.jpg
6, patas_monkey,input/training/n2/n2120.jpg
6, patas_monkey,input/training/n2/n2156.jpg
6, patas_monkey,input/training/n2/n2152.jpg
6, patas_monkey,input/training/n2/n2145.jpg
6, patas_monkey,input/training/n2/n2132.jpg
6, patas_monkey,input/training/n2/n2137.jpg
6, patas_monkey,input/training/n2/n2116.jpg
6, patas_monkey,input/training/n2/n2155.jpg
6, patas_monkey,input/training/n2/n2122.jpg
6, patas_monkey,input/training/n2/n2147.jpg
6, patas_monkey,input/training/n2/n2131.jpg
6, patas_monkey,input/training/n2/n2160.jpg
6, patas_monkey,input/training/n2/n2064.jpg
6, patas_monkey,input/training/n2/n2125.jpg
6, patas_monkey,input/training/n2/n2030.jpg
6, patas_monkey,input/training/n2/n2061.jpg
6, patas_monkey,input/training/n2/n2114.jpg
6, patas_monkey,input/training/n2/n2028.jpg
6, patas_monkey,input/training/n2/n2045.jpg
6, patas_monkey,input/training/n2/n2066.jpg
6, patas_monkey,input/training/n2/n2163.jpg
6, patas_monkey,input/training/n2/n2042.jpg
6, patas_monkey,input/training/n2/n2127.jpg
6, patas_monkey,input/training/n2/n2153.jpg
6, patas_monkey,input/training/n2/n2046.jpg
6, patas_monkey,input/training/n2/n2136.jpg
6, patas_monkey,input/training/n2/n2032.jpg
6, patas_monkey,input/training/n2/n2121.jpg
6, patas_monkey,input/training/n2/n2069.jpg
6, patas_monkey,input/training/n2/n2050.jpg
6, patas_monkey,input/training/n2/n2118.jpg
6, patas_monkey,input/training/n2/n2140.jpg
6, patas_monkey,input/training/n2/n2138.jpg
6, patas_monkey,input/training/n2/n2036.jpg
6, patas_monkey,input/training/n2/n2038.jpg
6, patas_monkey,input/training/n2/n2020.jpg
6, patas_monkey,input/training/n2/n2150.jpg
6, patas_monkey,input/training/n2/n2019.jpg
6, patas_monkey,input/training/n2/n2049.jpg
6, patas_monkey,input/training/n2/n2146.jpg
6, patas_monkey,input/training/n2/n2112.jpg
6, patas_monkey,input/training/n2/n2159.jpg
6, patas_monkey,input/training/n2/n2133.jpg
6, patas_monkey,input/training/n2/n2051.jpg
6, patas_monkey,input/training/n2/n2161.jpg
6, patas_monkey,input/training/n2/n2164.jpg
6, patas_monkey,input/training/n2/n2115.jpg
6, patas_monkey,input/training/n2/n2144.jpg
6, patas_monkey,input/training/n2/n2041.jpg
6, patas_monkey,input/training/n2/n2017.jpg
6, patas_monkey,input/training/n2/n2056.jpg
6, patas_monkey,input/training/n2/n2119.jpg
6, patas_monkey,input/training/n2/n2021.jpg
6, patas_monkey,input/training/n2/n2062.jpg
6, patas_monkey,input/training/n2/n2023.jpg
6, patas_monkey,input/training/n2/n2024.jpg
6, patas_monkey,input/training/n2/n2154.jpg
6, patas_monkey,input/training/n2/n2034.jpg
6, patas_monkey,input/training/n2/n2128.jpg
6, patas_monkey,input/training/n2/n2126.jpg
6, patas_monkey,input/training/n2/n2054.jpg
6, patas_monkey,input/training/n2/n2151.jpg
6, patas_monkey,input/training/n2/n2055.jpg
6, patas_monkey,input/training/n2/n2059.jpg
6, patas_monkey,input/training/n2/n2113.jpg
0, bald_uakari,input/training/n6/n6024.jpg
0, bald_uakari,input/training/n6/n6144.jpg
0, bald_uakari,input/training/n6/n6057.jpg
0, bald_uakari,input/training/n6/n6121.jpg
0, bald_uakari,input/training/n6/n6152.jpg
0, bald_uakari,input/training/n6/n6125.jpg
0, bald_uakari,input/training/n6/n6128.jpg
0, bald_uakari,input/training/n6/n6049.jpg
0, bald_uakari,input/training/n6/n6046.jpg
0, bald_uakari,input/training/n6/n6037.jpg
0, bald_uakari,input/training/n6/n6147.jpg
0, bald_uakari,input/training/n6/n6031.jpg
0, bald_uakari,input/training/n6/n6067.jpg
0, bald_uakari,input/training/n6/n6118.jpg
0, bald_uakari,input/training/n6/n6055.jpg
0, bald_uakari,input/training/n6/n6020.jpg
0, bald_uakari,input/training/n6/n6142.jpg
0, bald_uakari,input/training/n6/n6032.jpg
0, bald_uakari,input/training/n6/n6040.jpg
0, bald_uakari,input/training/n6/n6110.jpg
0, bald_uakari,input/training/n6/n6132.jpg
0, bald_uakari,input/training/n6/n6154.jpg
0, bald_uakari,input/training/n6/n6126.jpg
0, bald_uakari,input/training/n6/n6045.jpg
0, bald_uakari,input/training/n6/n6129.jpg
0, bald_uakari,input/training/n6/n6161.jpg
0, bald_uakari,input/training/n6/n6058.jpg
0, bald_uakari,input/training/n6/n6146.jpg
0, bald_uakari,input/training/n6/n6145.jpg
0, bald_uakari,input/training/n6/n6056.jpg
0, bald_uakari,input/training/n6/n6068.jpg
0, bald_uakari,input/training/n6/n6112.jpg
0, bald_uakari,input/training/n6/n6016.jpg
0, bald_uakari,input/training/n6/n6059.jpg
0, bald_uakari,input/training/n6/n6053.jpg
0, bald_uakari,input/training/n6/n6029.jpg
0, bald_uakari,input/training/n6/n6041.jpg
0, bald_uakari,input/training/n6/n6120.jpg
0, bald_uakari,input/training/n6/n6026.jpg
0, bald_uakari,input/training/n6/n6141.jpg
0, bald_uakari,input/training/n6/n6149.jpg
0, bald_uakari,input/training/n6/n6116.jpg
0, bald_uakari,input/training/n6/n6135.jpg
0, bald_uakari,input/training/n6/n6156.jpg
0, bald_uakari,input/training/n6/n6131.jpg
0, bald_uakari,input/training/n6/n6023.jpg
0, bald_uakari,input/training/n6/n6153.jpg
0, bald_uakari,input/training/n6/n6050.jpg
0, bald_uakari,input/training/n6/n6048.jpg
0, bald_uakari,input/training/n6/n6043.jpg
0, bald_uakari,input/training/n6/n6122.jpg
0, bald_uakari,input/training/n6/n6047.jpg
0, bald_uakari,input/training/n6/n6027.jpg
0, bald_uakari,input/training/n6/n6042.jpg
0, bald_uakari,input/training/n6/n6019.jpg
0, bald_uakari,input/training/n6/n6034.jpg
0, bald_uakari,input/training/n6/n6030.jpg
0, bald_uakari,input/training/n6/n6151.jpg
0, bald_uakari,input/training/n6/n6158.jpg
0, bald_uakari,input/training/n6/n6022.jpg
0, bald_uakari,input/training/n6/n6140.jpg
0, bald_uakari,input/training/n6/n6119.jpg
0, bald_uakari,input/training/n6/n6052.jpg
0, bald_uakari,input/training/n6/n6143.jpg
0, bald_uakari,input/training/n6/n6044.jpg
0, bald_uakari,input/training/n6/n6065.jpg
0, bald_uakari,input/training/n6/n6069.jpg
0, bald_uakari,input/training/n6/n6139.jpg
0, bald_uakari,input/training/n6/n6062.jpg
0, bald_uakari,input/training/n6/n6038.jpg
0, bald_uakari,input/training/n6/n6111.jpg
0, bald_uakari,input/training/n6/n6130.jpg
0, bald_uakari,input/training/n6/n6114.jpg
0, bald_uakari,input/training/n6/n6054.jpg
0, bald_uakari,input/training/n6/n6150.jpg
0, bald_uakari,input/training/n6/n6124.jpg
0, bald_uakari,input/training/n6/n6148.jpg
0, bald_uakari,input/training/n6/n6051.jpg
0, bald_uakari,input/training/n6/n6066.jpg
0, bald_uakari,input/training/n6/n6157.jpg
0, bald_uakari,input/training/n6/n6115.jpg
0, bald_uakari,input/training/n6/n6017.jpg
0, bald_uakari,input/training/n6/n6035.jpg
0, bald_uakari,input/training/n6/n6064.jpg
0, bald_uakari,input/training/n6/n6036.jpg
0, bald_uakari,input/training/n6/n6134.jpg
0, bald_uakari,input/training/n6/n6113.jpg
0, bald_uakari,input/training/n6/n6018.jpg
0, bald_uakari,input/training/n6/n6160.jpg
0, bald_uakari,input/training/n6/n6063.jpg
0, bald_uakari,input/training/n6/n6028.jpg
0, bald_uakari,input/training/n6/n6123.jpg
0, bald_uakari,input/training/n6/n6025.jpg
0, bald_uakari,input/training/n6/n6155.jpg
0, bald_uakari,input/training/n6/n6137.jpg
0, bald_uakari,input/training/n6/n6033.jpg
0, bald_uakari,input/training/n6/n6039.jpg
0, bald_uakari,input/training/n6/n6133.jpg
0, bald_uakari,input/training/n6/n6060.jpg
0, bald_uakari,input/training/n6/n6117.jpg
0, bald_uakari,input/training/n6/n6021.jpg
0, bald_uakari,input/training/n6/n6138.jpg
0, bald_uakari,input/training/n6/n6061.jpg
0, bald_uakari,input/training/n6/n6136.jpg
0, bald_uakari,input/training/n6/n6127.jpg
0, bald_uakari,input/training/n6/n6159.jpg
3, japanese_macaque,input/training/n8/n8069.jpg
3, japanese_macaque,input/training/n8/n8057.jpg
3, japanese_macaque,input/training/n8/n8132.jpg
3, japanese_macaque,input/training/n8/n8047.jpg
3, japanese_macaque,input/training/n8/n8133.jpg
3, japanese_macaque,input/training/n8/n8130.jpg
3, japanese_macaque,input/training/n8/n8141.jpg
3, japanese_macaque,input/training/n8/n8062.jpg
3, japanese_macaque,input/training/n8/n8139.jpg
3, japanese_macaque,input/training/n8/n8128.jpg
3, japanese_macaque,input/training/n8/n8148.jpg
3, japanese_macaque,input/training/n8/n8075.jpg
3, japanese_macaque,input/training/n8/n8113.jpg
3, japanese_macaque,input/training/n8/n8034.jpg
3, japanese_macaque,input/training/n8/n8123.jpg
3, japanese_macaque,input/training/n8/n8032.jpg
3, japanese_macaque,input/training/n8/n8140.jpg
3, japanese_macaque,input/training/n8/n8150.jpg
3, japanese_macaque,input/training/n8/n8043.jpg
3, japanese_macaque,input/training/n8/n8022.jpg
3, japanese_macaque,input/training/n8/n8111.jpg
3, japanese_macaque,input/training/n8/n8151.jpg
3, japanese_macaque,input/training/n8/n8053.jpg
3, japanese_macaque,input/training/n8/n8116.jpg
3, japanese_macaque,input/training/n8/n8134.jpg
3, japanese_macaque,input/training/n8/n8117.jpg
3, japanese_macaque,input/training/n8/n8146.jpg
3, japanese_macaque,input/training/n8/n8145.jpg
3, japanese_macaque,input/training/n8/n8147.jpg
3, japanese_macaque,input/training/n8/n8041.jpg
3, japanese_macaque,input/training/n8/n8029.jpg
3, japanese_macaque,input/training/n8/n8044.jpg
3, japanese_macaque,input/training/n8/n8142.jpg
3, japanese_macaque,input/training/n8/n8077.jpg
3, japanese_macaque,input/training/n8/n8050.jpg
3, japanese_macaque,input/training/n8/n8129.jpg
3, japanese_macaque,input/training/n8/n8125.jpg
3, japanese_macaque,input/training/n8/n8110.jpg
3, japanese_macaque,input/training/n8/n8136.jpg
3, japanese_macaque,input/training/n8/n8135.jpg
3, japanese_macaque,input/training/n8/n8058.jpg
3, japanese_macaque,input/training/n8/n8076.jpg
3, japanese_macaque,input/training/n8/n8054.jpg
3, japanese_macaque,input/training/n8/n8144.jpg
3, japanese_macaque,input/training/n8/n8019.jpg
3, japanese_macaque,input/training/n8/n8079.jpg
3, japanese_macaque,input/training/n8/n8127.jpg
3, japanese_macaque,input/training/n8/n8131.jpg
3, japanese_macaque,input/training/n8/n8056.jpg
3, japanese_macaque,input/training/n8/n8033.jpg
3, japanese_macaque,input/training/n8/n8046.jpg
3, japanese_macaque,input/training/n8/n8038.jpg
3, japanese_macaque,input/training/n8/n8045.jpg
3, japanese_macaque,input/training/n8/n8055.jpg
3, japanese_macaque,input/training/n8/n8051.jpg
3, japanese_macaque,input/training/n8/n8066.jpg
3, japanese_macaque,input/training/n8/n8042.jpg
3, japanese_macaque,input/training/n8/n8114.jpg
3, japanese_macaque,input/training/n8/n8025.jpg
3, japanese_macaque,input/training/n8/n8030.jpg
3, japanese_macaque,input/training/n8/n8118.jpg
3, japanese_macaque,input/training/n8/n8049.jpg
3, japanese_macaque,input/training/n8/n8122.jpg
3, japanese_macaque,input/training/n8/n8064.jpg
3, japanese_macaque,input/training/n8/n8112.jpg
3, japanese_macaque,input/training/n8/n8039.jpg
3, japanese_macaque,input/training/n8/n8035.jpg
3, japanese_macaque,input/training/n8/n8074.jpg
3, japanese_macaque,input/training/n8/n8028.jpg
3, japanese_macaque,input/training/n8/n8059.jpg
3, japanese_macaque,input/training/n8/n8121.jpg
3, japanese_macaque,input/training/n8/n8063.jpg
3, japanese_macaque,input/training/n8/n8052.jpg
3, japanese_macaque,input/training/n8/n8060.jpg
3, japanese_macaque,input/training/n8/n8027.jpg
3, japanese_macaque,input/training/n8/n818.jpg
3, japanese_macaque,input/training/n8/n8143.jpg
3, japanese_macaque,input/training/n8/n8067.jpg
3, japanese_macaque,input/training/n8/n8126.jpg
3, japanese_macaque,input/training/n8/n8068.jpg
3, japanese_macaque,input/training/n8/n8120.jpg
3, japanese_macaque,input/training/n8/n8018.jpg
3, japanese_macaque,input/training/n8/n8137.jpg
3, japanese_macaque,input/training/n8/n8065.jpg
3, japanese_macaque,input/training/n8/n8080.jpg
3, japanese_macaque,input/training/n8/n8040.jpg
3, japanese_macaque,input/training/n8/n8149.jpg
3, japanese_macaque,input/training/n8/n8073.jpg
3, japanese_macaque,input/training/n8/n8061.jpg
3, japanese_macaque,input/training/n8/n8036.jpg
3, japanese_macaque,input/training/n8/n808.jpg
3, japanese_macaque,input/training/n8/n8115.jpg
3, japanese_macaque,input/training/n8/n8071.jpg
3, japanese_macaque,input/training/n8/n8072.jpg
3, japanese_macaque,input/training/n8/n8024.jpg
3, japanese_macaque,input/training/n8/n8078.jpg
3, japanese_macaque,input/training/n8/n817.jpg
3, japanese_macaque,input/training/n8/n8023.jpg
3, japanese_macaque,input/training/n8/n8037.jpg
3, japanese_macaque,input/training/n8/n8124.jpg
3, japanese_macaque,input/training/n8/n8070.jpg
3, japanese_macaque,input/training/n8/n8138.jpg
3, japanese_macaque,input/training/n8/n8048.jpg
3, japanese_macaque,input/training/n8/n8026.jpg
3, japanese_macaque,input/training/n8/n8020.jpg
3, japanese_macaque,input/training/n8/n8119.jpg
7, pygmy_marmoset,input/training/n4/n4025.jpg
7, pygmy_marmoset,input/training/n4/n4051.jpg
7, pygmy_marmoset,input/training/n4/n4027.jpg
7, pygmy_marmoset,input/training/n4/n4034.jpg
7, pygmy_marmoset,input/training/n4/n4149.jpg
7, pygmy_marmoset,input/training/n4/n4139.jpg
7, pygmy_marmoset,input/training/n4/n4061.jpg
7, pygmy_marmoset,input/training/n4/n4147.jpg
7, pygmy_marmoset,input/training/n4/n4151.jpg
7, pygmy_marmoset,input/training/n4/n4131.jpg
7, pygmy_marmoset,input/training/n4/n4058.jpg
7, pygmy_marmoset,input/training/n4/n4043.jpg
7, pygmy_marmoset,input/training/n4/n4120.jpg
7, pygmy_marmoset,input/training/n4/n41556.jpg
7, pygmy_marmoset,input/training/n4/n4126.jpg
7, pygmy_marmoset,input/training/n4/n4045.jpg
7, pygmy_marmoset,input/training/n4/n41562.jpg
7, pygmy_marmoset,input/training/n4/n4122.jpg
7, pygmy_marmoset,input/training/n4/n4030.jpg
7, pygmy_marmoset,input/training/n4/n4017.jpg
7, pygmy_marmoset,input/training/n4/n4062.jpg
7, pygmy_marmoset,input/training/n4/n4138.jpg
7, pygmy_marmoset,input/training/n4/n4064.jpg
7, pygmy_marmoset,input/training/n4/n4116.jpg
7, pygmy_marmoset,input/training/n4/n4153.jpg
7, pygmy_marmoset,input/training/n4/n41557.jpg
7, pygmy_marmoset,input/training/n4/n4144.jpg
7, pygmy_marmoset,input/training/n4/n4038.jpg
7, pygmy_marmoset,input/training/n4/n4019.jpg
7, pygmy_marmoset,input/training/n4/n4127.jpg
7, pygmy_marmoset,input/training/n4/n41563.jpg
7, pygmy_marmoset,input/training/n4/n4150.jpg
7, pygmy_marmoset,input/training/n4/n41561.jpg
7, pygmy_marmoset,input/training/n4/n4115.jpg
7, pygmy_marmoset,input/training/n4/n4128.jpg
7, pygmy_marmoset,input/training/n4/n4154.jpg
7, pygmy_marmoset,input/training/n4/n4141.jpg
7, pygmy_marmoset,input/training/n4/n4111.jpg
7, pygmy_marmoset,input/training/n4/n4121.jpg
7, pygmy_marmoset,input/training/n4/n4129.jpg
7, pygmy_marmoset,input/training/n4/n4022.jpg
7, pygmy_marmoset,input/training/n4/n4031.jpg
7, pygmy_marmoset,input/training/n4/n4048.jpg
7, pygmy_marmoset,input/training/n4/n4033.jpg
7, pygmy_marmoset,input/training/n4/n4018.jpg
7, pygmy_marmoset,input/training/n4/n4142.jpg
7, pygmy_marmoset,input/training/n4/n4135.jpg
7, pygmy_marmoset,input/training/n4/n4028.jpg
7, pygmy_marmoset,input/training/n4/n4052.jpg
7, pygmy_marmoset,input/training/n4/n4049.jpg
7, pygmy_marmoset,input/training/n4/n4130.jpg
7, pygmy_marmoset,input/training/n4/n4155.jpg
7, pygmy_marmoset,input/training/n4/n4114.jpg
7, pygmy_marmoset,input/training/n4/n4056.jpg
7, pygmy_marmoset,input/training/n4/n4146.jpg
7, pygmy_marmoset,input/training/n4/n4125.jpg
7, pygmy_marmoset,input/training/n4/n4016.jpg
7, pygmy_marmoset,input/training/n4/n4060.jpg
7, pygmy_marmoset,input/training/n4/n4050.jpg
7, pygmy_marmoset,input/training/n4/n4137.jpg
7, pygmy_marmoset,input/training/n4/n4042.jpg
7, pygmy_marmoset,input/training/n4/n4037.jpg
7, pygmy_marmoset,input/training/n4/n4117.jpg
7, pygmy_marmoset,input/training/n4/n41564.jpg
7, pygmy_marmoset,input/training/n4/n4132.jpg
7, pygmy_marmoset,input/training/n4/n4133.jpg
7, pygmy_marmoset,input/training/n4/n4054.jpg
7, pygmy_marmoset,input/training/n4/n4118.jpg
7, pygmy_marmoset,input/training/n4/n4119.jpg
7, pygmy_marmoset,input/training/n4/n4110.jpg
7, pygmy_marmoset,input/training/n4/n4035.jpg
7, pygmy_marmoset,input/training/n4/n4039.jpg
7, pygmy_marmoset,input/training/n4/n4136.jpg
7, pygmy_marmoset,input/training/n4/n4124.jpg
7, pygmy_marmoset,input/training/n4/n4123.jpg
7, pygmy_marmoset,input/training/n4/n4029.jpg
7, pygmy_marmoset,input/training/n4/n4055.jpg
7, pygmy_marmoset,input/training/n4/n4059.jpg
7, pygmy_marmoset,input/training/n4/n4036.jpg
7, pygmy_marmoset,input/training/n4/n4152.jpg
7, pygmy_marmoset,input/training/n4/n4057.jpg
7, pygmy_marmoset,input/training/n4/n4143.jpg
7, pygmy_marmoset,input/training/n4/n4041.jpg
7, pygmy_marmoset,input/training/n4/n4040.jpg
7, pygmy_marmoset,input/training/n4/n41559.jpg
7, pygmy_marmoset,input/training/n4/n4148.jpg
7, pygmy_marmoset,input/training/n4/n4026.jpg
7, pygmy_marmoset,input/training/n4/n4023.jpg
7, pygmy_marmoset,input/training/n4/n4032.jpg
7, pygmy_marmoset,input/training/n4/n4063.jpg
7, pygmy_marmoset,input/training/n4/n4140.jpg
7, pygmy_marmoset,input/training/n4/n4047.jpg
7, pygmy_marmoset,input/training/n4/n4024.jpg
7, pygmy_marmoset,input/training/n4/n4044.jpg
7, pygmy_marmoset,input/training/n4/n4046.jpg
7, pygmy_marmoset,input/training/n4/n4134.jpg
7, pygmy_marmoset,input/training/n4/n4053.jpg
7, pygmy_marmoset,input/training/n4/n4021.jpg
7, pygmy_marmoset,input/training/n4/n4112.jpg
7, pygmy_marmoset,input/training/n4/n4113.jpg
7, pygmy_marmoset,input/training/n4/n4145.jpg
7, pygmy_marmoset,input/training/n4/n41560.jpg
7, pygmy_marmoset,input/training/n4/n41558.jpg
7, pygmy_marmoset,input/training/n4/n4020.jpg
7, pygmy_marmoset,input/training/n4/n41565.jpg
9, white_headed_capuchin,input/training/n1/n1153.jpg
9, white_headed_capuchin,input/training/n1/n1152.jpg
9, white_headed_capuchin,input/training/n1/n1063.jpg
9, white_headed_capuchin,input/training/n1/n1049.jpg
9, white_headed_capuchin,input/training/n1/n1138.jpg
9, white_headed_capuchin,input/training/n1/n1034.jpg
9, white_headed_capuchin,input/training/n1/n1043.jpg
9, white_headed_capuchin,input/training/n1/n1021.jpg
9, white_headed_capuchin,input/training/n1/n1059.jpg
9, white_headed_capuchin,input/training/n1/n1070.jpg
9, white_headed_capuchin,input/training/n1/n1124.jpg
9, white_headed_capuchin,input/training/n1/n1157.jpg
9, white_headed_capuchin,input/training/n1/n1147.jpg
9, white_headed_capuchin,input/training/n1/n1035.jpg
9, white_headed_capuchin,input/training/n1/n1045.jpg
9, white_headed_capuchin,input/training/n1/n1115.jpg
9, white_headed_capuchin,input/training/n1/n1111.jpg
9, white_headed_capuchin,input/training/n1/n1130.jpg
9, white_headed_capuchin,input/training/n1/n1141.jpg
9, white_headed_capuchin,input/training/n1/n1048.jpg
9, white_headed_capuchin,input/training/n1/n1037.jpg
9, white_headed_capuchin,input/training/n1/n1072.jpg
9, white_headed_capuchin,input/training/n1/n1136.jpg
9, white_headed_capuchin,input/training/n1/n1041.jpg
9, white_headed_capuchin,input/training/n1/n1110.jpg
9, white_headed_capuchin,input/training/n1/n1030.jpg
9, white_headed_capuchin,input/training/n1/n1143.jpg
9, white_headed_capuchin,input/training/n1/n1050.jpg
9, white_headed_capuchin,input/training/n1/n1142.jpg
9, white_headed_capuchin,input/training/n1/n1054.jpg
9, white_headed_capuchin,input/training/n1/n1019.jpg
9, white_headed_capuchin,input/training/n1/n1062.jpg
9, white_headed_capuchin,input/training/n1/n1164.jpg
9, white_headed_capuchin,input/training/n1/n1133.jpg
9, white_headed_capuchin,input/training/n1/n1165.jpg
9, white_headed_capuchin,input/training/n1/n1023.jpg
9, white_headed_capuchin,input/training/n1/n1118.jpg
9, white_headed_capuchin,input/training/n1/n1038.jpg
9, white_headed_capuchin,input/training/n1/n1025.jpg
9, white_headed_capuchin,input/training/n1/n1071.jpg
9, white_headed_capuchin,input/training/n1/n1022.jpg
9, white_headed_capuchin,input/training/n1/n1061.jpg
9, white_headed_capuchin,input/training/n1/n1044.jpg
9, white_headed_capuchin,input/training/n1/n1060.jpg
9, white_headed_capuchin,input/training/n1/n1162.jpg
9, white_headed_capuchin,input/training/n1/n1114.jpg
9, white_headed_capuchin,input/training/n1/n1127.jpg
9, white_headed_capuchin,input/training/n1/n1024.jpg
9, white_headed_capuchin,input/training/n1/n1125.jpg
9, white_headed_capuchin,input/training/n1/n1113.jpg
9, white_headed_capuchin,input/training/n1/n1067.jpg
9, white_headed_capuchin,input/training/n1/n1161.jpg
9, white_headed_capuchin,input/training/n1/n1131.jpg
9, white_headed_capuchin,input/training/n1/n1066.jpg
9, white_headed_capuchin,input/training/n1/n1051.jpg
9, white_headed_capuchin,input/training/n1/n1028.jpg
9, white_headed_capuchin,input/training/n1/n1047.jpg
9, white_headed_capuchin,input/training/n1/n1154.jpg
9, white_headed_capuchin,input/training/n1/n1058.jpg
9, white_headed_capuchin,input/training/n1/n1148.jpg
9, white_headed_capuchin,input/training/n1/n1129.jpg
9, white_headed_capuchin,input/training/n1/n1064.jpg
9, white_headed_capuchin,input/training/n1/n1119.jpg
9, white_headed_capuchin,input/training/n1/n1052.jpg
9, white_headed_capuchin,input/training/n1/n1042.jpg
9, white_headed_capuchin,input/training/n1/n1069.jpg
9, white_headed_capuchin,input/training/n1/n1026.jpg
9, white_headed_capuchin,input/training/n1/n1155.jpg
9, white_headed_capuchin,input/training/n1/n1120.jpg
9, white_headed_capuchin,input/training/n1/n1116.jpg
9, white_headed_capuchin,input/training/n1/n1126.jpg
9, white_headed_capuchin,input/training/n1/n1121.jpg
9, white_headed_capuchin,input/training/n1/n1036.jpg
9, white_headed_capuchin,input/training/n1/n1039.jpg
9, white_headed_capuchin,input/training/n1/n1134.jpg
9, white_headed_capuchin,input/training/n1/n1046.jpg
9, white_headed_capuchin,input/training/n1/n1122.jpg
9, white_headed_capuchin,input/training/n1/n1158.jpg
9, white_headed_capuchin,input/training/n1/n1139.jpg
9, white_headed_capuchin,input/training/n1/n1146.jpg
9, white_headed_capuchin,input/training/n1/n1065.jpg
9, white_headed_capuchin,input/training/n1/n1159.jpg
9, white_headed_capuchin,input/training/n1/n1160.jpg
9, white_headed_capuchin,input/training/n1/n1027.jpg
9, white_headed_capuchin,input/training/n1/n1033.jpg
9, white_headed_capuchin,input/training/n1/n1032.jpg
9, white_headed_capuchin,input/training/n1/n1017.jpg
9, white_headed_capuchin,input/training/n1/n1117.jpg
9, white_headed_capuchin,input/training/n1/n1144.jpg
9, white_headed_capuchin,input/training/n1/n1018.jpg
9, white_headed_capuchin,input/training/n1/n1068.jpg
9, white_headed_capuchin,input/training/n1/n1132.jpg
9, white_headed_capuchin,input/training/n1/n1055.jpg
9, white_headed_capuchin,input/training/n1/n1029.jpg
9, white_headed_capuchin,input/training/n1/n1140.jpg
9, white_headed_capuchin,input/training/n1/n1053.jpg
9, white_headed_capuchin,input/training/n1/n1112.jpg
9, white_headed_capuchin,input/training/n1/n1056.jpg
9, white_headed_capuchin,input/training/n1/n1150.jpg
9, white_headed_capuchin,input/training/n1/n1145.jpg
9, white_headed_capuchin,input/training/n1/n1135.jpg
9, white_headed_capuchin,input/training/n1/n1137.jpg
9, white_headed_capuchin,input/training/n1/n1123.jpg
9, white_headed_capuchin,input/training/n1/n1040.jpg
9, white_headed_capuchin,input/training/n1/n1057.jpg
9, white_headed_capuchin,input/training/n1/n1156.jpg
9, white_headed_capuchin,input/training/n1/n1149.jpg
9, white_headed_capuchin,input/training/n1/n1163.jpg
9, white_headed_capuchin,input/training/n1/n1031.jpg
9, white_headed_capuchin,input/training/n1/n1128.jpg
9, white_headed_capuchin,input/training/n1/n1151.jpg
8, silvery_marmoset,input/training/n5/n5143.jpg
8, silvery_marmoset,input/training/n5/n5114.jpg
8, silvery_marmoset,input/training/n5/n5122.jpg
8, silvery_marmoset,input/training/n5/n5149.jpg
8, silvery_marmoset,input/training/n5/n5037.jpg
8, silvery_marmoset,input/training/n5/n5071.jpg
8, silvery_marmoset,input/training/n5/n5045.jpg
8, silvery_marmoset,input/training/n5/n5023.jpg
8, silvery_marmoset,input/training/n5/n5059.jpg
8, silvery_marmoset,input/training/n5/n5052.jpg
8, silvery_marmoset,input/training/n5/n5145.jpg
8, silvery_marmoset,input/training/n5/n5061.jpg
8, silvery_marmoset,input/training/n5/n5068.jpg
8, silvery_marmoset,input/training/n5/n5139.jpg
8, silvery_marmoset,input/training/n5/n5128.jpg
8, silvery_marmoset,input/training/n5/n5055.jpg
8, silvery_marmoset,input/training/n5/n5130.jpg
8, silvery_marmoset,input/training/n5/n5064.jpg
8, silvery_marmoset,input/training/n5/n5131.jpg
8, silvery_marmoset,input/training/n5/n5031.jpg
8, silvery_marmoset,input/training/n5/n5033.jpg
8, silvery_marmoset,input/training/n5/n5165.jpg
8, silvery_marmoset,input/training/n5/n5157.jpg
8, silvery_marmoset,input/training/n5/n5026.jpg
8, silvery_marmoset,input/training/n5/n5034.jpg
8, silvery_marmoset,input/training/n5/n5121.jpg
8, silvery_marmoset,input/training/n5/n5133.jpg
8, silvery_marmoset,input/training/n5/n5118.jpg
8, silvery_marmoset,input/training/n5/n5058.jpg
8, silvery_marmoset,input/training/n5/n5158.jpg
8, silvery_marmoset,input/training/n5/n5054.jpg
8, silvery_marmoset,input/training/n5/n5117.jpg
8, silvery_marmoset,input/training/n5/n5162.jpg
8, silvery_marmoset,input/training/n5/n5038.jpg
8, silvery_marmoset,input/training/n5/n5112.jpg
8, silvery_marmoset,input/training/n5/n5125.jpg
8, silvery_marmoset,input/training/n5/n5156.jpg
8, silvery_marmoset,input/training/n5/n5126.jpg
8, silvery_marmoset,input/training/n5/n5141.jpg
8, silvery_marmoset,input/training/n5/n5060.jpg
8, silvery_marmoset,input/training/n5/n5028.jpg
8, silvery_marmoset,input/training/n5/n5135.jpg
8, silvery_marmoset,input/training/n5/n5154.jpg
8, silvery_marmoset,input/training/n5/n5043.jpg
8, silvery_marmoset,input/training/n5/n5163.jpg
8, silvery_marmoset,input/training/n5/n5160.jpg
8, silvery_marmoset,input/training/n5/n5116.jpg
8, silvery_marmoset,input/training/n5/n5032.jpg
8, silvery_marmoset,input/training/n5/n5161.jpg
8, silvery_marmoset,input/training/n5/n5115.jpg
8, silvery_marmoset,input/training/n5/n5020.jpg
8, silvery_marmoset,input/training/n5/n5140.jpg
8, silvery_marmoset,input/training/n5/n5144.jpg
8, silvery_marmoset,input/training/n5/n5019.jpg
8, silvery_marmoset,input/training/n5/n5022.jpg
8, silvery_marmoset,input/training/n5/n5111.jpg
8, silvery_marmoset,input/training/n5/n5069.jpg
8, silvery_marmoset,input/training/n5/n5036.jpg
8, silvery_marmoset,input/training/n5/n5066.jpg
8, silvery_marmoset,input/training/n5/n5138.jpg
8, silvery_marmoset,input/training/n5/n5062.jpg
8, silvery_marmoset,input/training/n5/n5113.jpg
8, silvery_marmoset,input/training/n5/n5067.jpg
8, silvery_marmoset,input/training/n5/n5152.jpg
8, silvery_marmoset,input/training/n5/n5030.jpg
8, silvery_marmoset,input/training/n5/n5127.jpg
8, silvery_marmoset,input/training/n5/n5159.jpg
8, silvery_marmoset,input/training/n5/n5070.jpg
8, silvery_marmoset,input/training/n5/n5057.jpg
8, silvery_marmoset,input/training/n5/n5110.jpg
8, silvery_marmoset,input/training/n5/n5146.jpg
8, silvery_marmoset,input/training/n5/n5047.jpg
8, silvery_marmoset,input/training/n5/n5048.jpg
8, silvery_marmoset,input/training/n5/n5136.jpg
8, silvery_marmoset,input/training/n5/n5063.jpg
8, silvery_marmoset,input/training/n5/n5134.jpg
8, silvery_marmoset,input/training/n5/n5151.jpg
8, silvery_marmoset,input/training/n5/n5056.jpg
8, silvery_marmoset,input/training/n5/n5072.jpg
8, silvery_marmoset,input/training/n5/n5053.jpg
8, silvery_marmoset,input/training/n5/n5042.jpg
8, silvery_marmoset,input/training/n5/n5142.jpg
8, silvery_marmoset,input/training/n5/n5044.jpg
8, silvery_marmoset,input/training/n5/n5123.jpg
8, silvery_marmoset,input/training/n5/n5155.jpg
8, silvery_marmoset,input/training/n5/n5147.jpg
8, silvery_marmoset,input/training/n5/n5035.jpg
8, silvery_marmoset,input/training/n5/n5120.jpg
8, silvery_marmoset,input/training/n5/n5039.jpg
8, silvery_marmoset,input/training/n5/n5024.jpg
8, silvery_marmoset,input/training/n5/n5027.jpg
8, silvery_marmoset,input/training/n5/n5153.jpg
8, silvery_marmoset,input/training/n5/n5029.jpg
8, silvery_marmoset,input/training/n5/n5018.jpg
8, silvery_marmoset,input/training/n5/n5051.jpg
8, silvery_marmoset,input/training/n5/n5065.jpg
8, silvery_marmoset,input/training/n5/n5021.jpg
8, silvery_marmoset,input/training/n5/n5137.jpg
8, silvery_marmoset,input/training/n5/n5050.jpg
8, silvery_marmoset,input/training/n5/n5166.jpg
8, silvery_marmoset,input/training/n5/n5073.jpg
8, silvery_marmoset,input/training/n5/n5148.jpg
8, silvery_marmoset,input/training/n5/n5025.jpg
8, silvery_marmoset,input/training/n5/n5119.jpg
8, silvery_marmoset,input/training/n5/n5164.jpg
8, silvery_marmoset,input/training/n5/n5040.jpg
8, silvery_marmoset,input/training/n5/n5129.jpg
8, silvery_marmoset,input/training/n5/n5046.jpg
8, silvery_marmoset,input/training/n5/n5132.jpg
8, silvery_marmoset,input/training/n5/n5124.jpg
8, silvery_marmoset,input/training/n5/n5041.jpg
8, silvery_marmoset,input/training/n5/n5150.jpg
8, silvery_marmoset,input/training/n5/n5049.jpg
2, common_squirrel_monkey,input/training/n7/n7156.jpg
2, common_squirrel_monkey,input/training/n7/n7026.jpg
2, common_squirrel_monkey,input/training/n7/n7142.jpg
2, common_squirrel_monkey,input/training/n7/n7022.jpg
2, common_squirrel_monkey,input/training/n7/n7140.jpg
2, common_squirrel_monkey,input/training/n7/n7030.jpg
2, common_squirrel_monkey,input/training/n7/n7045.jpg
2, common_squirrel_monkey,input/training/n7/n7065.jpg
2, common_squirrel_monkey,input/training/n7/n7123.jpg
2, common_squirrel_monkey,input/training/n7/n7036.jpg
2, common_squirrel_monkey,input/training/n7/n7144.jpg
2, common_squirrel_monkey,input/training/n7/n7117.jpg
2, common_squirrel_monkey,input/training/n7/n7039.jpg
2, common_squirrel_monkey,input/training/n7/n7029.jpg
2, common_squirrel_monkey,input/training/n7/n7152.jpg
2, common_squirrel_monkey,input/training/n7/n7157.jpg
2, common_squirrel_monkey,input/training/n7/n7134.jpg
2, common_squirrel_monkey,input/training/n7/n7164.jpg
2, common_squirrel_monkey,input/training/n7/n7041.jpg
2, common_squirrel_monkey,input/training/n7/n7116.jpg
2, common_squirrel_monkey,input/training/n7/n7027.jpg
2, common_squirrel_monkey,input/training/n7/n7147.jpg
2, common_squirrel_monkey,input/training/n7/n7115.jpg
2, common_squirrel_monkey,input/training/n7/n7067.jpg
2, common_squirrel_monkey,input/training/n7/n7025.jpg
2, common_squirrel_monkey,input/training/n7/n7126.jpg
2, common_squirrel_monkey,input/training/n7/n7118.jpg
2, common_squirrel_monkey,input/training/n7/n7040.jpg
2, common_squirrel_monkey,input/training/n7/n7071.jpg
2, common_squirrel_monkey,input/training/n7/n7135.jpg
2, common_squirrel_monkey,input/training/n7/n7063.jpg
2, common_squirrel_monkey,input/training/n7/n7058.jpg
2, common_squirrel_monkey,input/training/n7/n7021.jpg
2, common_squirrel_monkey,input/training/n7/n7054.jpg
2, common_squirrel_monkey,input/training/n7/n7168.jpg
2, common_squirrel_monkey,input/training/n7/n7119.jpg
2, common_squirrel_monkey,input/training/n7/n7052.jpg
2, common_squirrel_monkey,input/training/n7/n7130.jpg
2, common_squirrel_monkey,input/training/n7/n7136.jpg
2, common_squirrel_monkey,input/training/n7/n7120.jpg
2, common_squirrel_monkey,input/training/n7/n7128.jpg
2, common_squirrel_monkey,input/training/n7/n7113.jpg
2, common_squirrel_monkey,input/training/n7/n7038.jpg
2, common_squirrel_monkey,input/training/n7/n7048.jpg
2, common_squirrel_monkey,input/training/n7/n7148.jpg
2, common_squirrel_monkey,input/training/n7/n7127.jpg
2, common_squirrel_monkey,input/training/n7/n7042.jpg
2, common_squirrel_monkey,input/training/n7/n7055.jpg
2, common_squirrel_monkey,input/training/n7/n7047.jpg
2, common_squirrel_monkey,input/training/n7/n7121.jpg
2, common_squirrel_monkey,input/training/n7/n7166.jpg
2, common_squirrel_monkey,input/training/n7/n7111.jpg
2, common_squirrel_monkey,input/training/n7/n7053.jpg
2, common_squirrel_monkey,input/training/n7/n7137.jpg
2, common_squirrel_monkey,input/training/n7/n7138.jpg
2, common_squirrel_monkey,input/training/n7/n7114.jpg
2, common_squirrel_monkey,input/training/n7/n7132.jpg
2, common_squirrel_monkey,input/training/n7/n7167.jpg
2, common_squirrel_monkey,input/training/n7/n7165.jpg
2, common_squirrel_monkey,input/training/n7/n7154.jpg
2, common_squirrel_monkey,input/training/n7/n7133.jpg
2, common_squirrel_monkey,input/training/n7/n7069.jpg
2, common_squirrel_monkey,input/training/n7/n7051.jpg
2, common_squirrel_monkey,input/training/n7/n7162.jpg
2, common_squirrel_monkey,input/training/n7/n7131.jpg
2, common_squirrel_monkey,input/training/n7/n7019.jpg
2, common_squirrel_monkey,input/training/n7/n7141.jpg
2, common_squirrel_monkey,input/training/n7/n7056.jpg
2, common_squirrel_monkey,input/training/n7/n7062.jpg
2, common_squirrel_monkey,input/training/n7/n7035.jpg
2, common_squirrel_monkey,input/training/n7/n7159.jpg
2, common_squirrel_monkey,input/training/n7/n7151.jpg
2, common_squirrel_monkey,input/training/n7/n702.jpg
2, common_squirrel_monkey,input/training/n7/n7064.jpg
2, common_squirrel_monkey,input/training/n7/n7169.jpg
2, common_squirrel_monkey,input/training/n7/n7020.jpg
2, common_squirrel_monkey,input/training/n7/n7160.jpg
2, common_squirrel_monkey,input/training/n7/n7145.jpg
2, common_squirrel_monkey,input/training/n7/n7023.jpg
2, common_squirrel_monkey,input/training/n7/n7034.jpg
2, common_squirrel_monkey,input/training/n7/n7124.jpg
2, common_squirrel_monkey,input/training/n7/n7155.jpg
2, common_squirrel_monkey,input/training/n7/n7153.jpg
2, common_squirrel_monkey,input/training/n7/n7146.jpg
2, common_squirrel_monkey,input/training/n7/n7068.jpg
2, common_squirrel_monkey,input/training/n7/n7043.jpg
2, common_squirrel_monkey,input/training/n7/n7129.jpg
2, common_squirrel_monkey,input/training/n7/n7059.jpg
2, common_squirrel_monkey,input/training/n7/n7158.jpg
2, common_squirrel_monkey,input/training/n7/n7070.jpg
2, common_squirrel_monkey,input/training/n7/n7057.jpg
2, common_squirrel_monkey,input/training/n7/n7139.jpg
2, common_squirrel_monkey,input/training/n7/n7046.jpg
2, common_squirrel_monkey,input/training/n7/n7143.jpg
2, common_squirrel_monkey,input/training/n7/n7032.jpg
2, common_squirrel_monkey,input/training/n7/n7033.jpg
2, common_squirrel_monkey,input/training/n7/n7049.jpg
2, common_squirrel_monkey,input/training/n7/n7061.jpg
2, common_squirrel_monkey,input/training/n7/n7149.jpg
2, common_squirrel_monkey,input/training/n7/n7161.jpg
2, common_squirrel_monkey,input/training/n7/n7125.jpg
2, common_squirrel_monkey,input/training/n7/n7163.jpg
2, common_squirrel_monkey,input/training/n7/n7112.jpg
2, common_squirrel_monkey,input/training/n7/n7060.jpg
2, common_squirrel_monkey,input/training/n7/n7050.jpg
2, common_squirrel_monkey,input/training/n7/n7044.jpg
2, common_squirrel_monkey,input/training/n7/n7031.jpg
2, common_squirrel_monkey,input/training/n7/n7037.jpg
2, common_squirrel_monkey,input/training/n7/n7150.jpg
2, common_squirrel_monkey,input/training/n7/n7024.jpg
2, common_squirrel_monkey,input/training/n7/n7066.jpg
2, common_squirrel_monkey,input/training/n7/n7122.jpg
2, common_squirrel_monkey,input/training/n7/n7028.jpg
2, common_squirrel_monkey,input/training/n7/n7110.jpg
1, black_headed_night_monkey,input/training/n0/n0131.jpg
1, black_headed_night_monkey,input/training/n0/n0173.jpg
1, black_headed_night_monkey,input/training/n0/n0039.jpg
1, black_headed_night_monkey,input/training/n0/n0112.jpg
1, black_headed_night_monkey,input/training/n0/n0127.jpg
1, black_headed_night_monkey,input/training/n0/n0167.jpg
1, black_headed_night_monkey,input/training/n0/n0154.jpg
1, black_headed_night_monkey,input/training/n0/n0165.jpg
1, black_headed_night_monkey,input/training/n0/n0158.jpg
1, black_headed_night_monkey,input/training/n0/n0049.jpg
1, black_headed_night_monkey,input/training/n0/n0020.jpg
1, black_headed_night_monkey,input/training/n0/n0168.jpg
1, black_headed_night_monkey,input/training/n0/n0146.jpg
1, black_headed_night_monkey,input/training/n0/n0141.jpg
1, black_headed_night_monkey,input/training/n0/n0031.jpg
1, black_headed_night_monkey,input/training/n0/n0037.jpg
1, black_headed_night_monkey,input/training/n0/n0155.jpg
1, black_headed_night_monkey,input/training/n0/n0024.jpg
1, black_headed_night_monkey,input/training/n0/n0136.jpg
1, black_headed_night_monkey,input/training/n0/n0038.jpg
1, black_headed_night_monkey,input/training/n0/n0160.jpg
1, black_headed_night_monkey,input/training/n0/n0175.jpg
1, black_headed_night_monkey,input/training/n0/n0143.jpg
1, black_headed_night_monkey,input/training/n0/n0125.jpg
1, black_headed_night_monkey,input/training/n0/n0019.jpg
1, black_headed_night_monkey,input/training/n0/n0116.jpg
1, black_headed_night_monkey,input/training/n0/n0133.jpg
1, black_headed_night_monkey,input/training/n0/n0130.jpg
1, black_headed_night_monkey,input/training/n0/n0176.jpg
1, black_headed_night_monkey,input/training/n0/n0128.jpg
1, black_headed_night_monkey,input/training/n0/n0114.jpg
1, black_headed_night_monkey,input/training/n0/n0027.jpg
1, black_headed_night_monkey,input/training/n0/n0118.jpg
1, black_headed_night_monkey,input/training/n0/n0139.jpg
1, black_headed_night_monkey,input/training/n0/n0169.jpg
1, black_headed_night_monkey,input/training/n0/n0122.jpg
1, black_headed_night_monkey,input/training/n0/n0153.jpg
1, black_headed_night_monkey,input/training/n0/n0134.jpg
1, black_headed_night_monkey,input/training/n0/n0045.jpg
1, black_headed_night_monkey,input/training/n0/n0028.jpg
1, black_headed_night_monkey,input/training/n0/n0026.jpg
1, black_headed_night_monkey,input/training/n0/n0156.jpg
1, black_headed_night_monkey,input/training/n0/n0123.jpg
1, black_headed_night_monkey,input/training/n0/n0025.jpg
1, black_headed_night_monkey,input/training/n0/n0152.jpg
1, black_headed_night_monkey,input/training/n0/n018.jpg
1, black_headed_night_monkey,input/training/n0/n0021.jpg
1, black_headed_night_monkey,input/training/n0/n0149.jpg
1, black_headed_night_monkey,input/training/n0/n0166.jpg
1, black_headed_night_monkey,input/training/n0/n0144.jpg
1, black_headed_night_monkey,input/training/n0/n0159.jpg
1, black_headed_night_monkey,input/training/n0/n0041.jpg
1, black_headed_night_monkey,input/training/n0/n0174.jpg
1, black_headed_night_monkey,input/training/n0/n019.jpg
1, black_headed_night_monkey,input/training/n0/n0147.jpg
1, black_headed_night_monkey,input/training/n0/n0051.jpg
1, black_headed_night_monkey,input/training/n0/n0111.jpg
1, black_headed_night_monkey,input/training/n0/n0124.jpg
1, black_headed_night_monkey,input/training/n0/n0171.jpg
1, black_headed_night_monkey,input/training/n0/n0172.jpg
1, black_headed_night_monkey,input/training/n0/n0113.jpg
1, black_headed_night_monkey,input/training/n0/n0121.jpg
1, black_headed_night_monkey,input/training/n0/n0145.jpg
1, black_headed_night_monkey,input/training/n0/n0043.jpg
1, black_headed_night_monkey,input/training/n0/n0138.jpg
1, black_headed_night_monkey,input/training/n0/n0048.jpg
1, black_headed_night_monkey,input/training/n0/n0140.jpg
1, black_headed_night_monkey,input/training/n0/n0110.jpg
1, black_headed_night_monkey,input/training/n0/n0029.jpg
1, black_headed_night_monkey,input/training/n0/n0030.jpg
1, black_headed_night_monkey,input/training/n0/n0035.jpg
1, black_headed_night_monkey,input/training/n0/n0161.jpg
1, black_headed_night_monkey,input/training/n0/n0040.jpg
1, black_headed_night_monkey,input/training/n0/n0046.jpg
1, black_headed_night_monkey,input/training/n0/n0034.jpg
1, black_headed_night_monkey,input/training/n0/n0018.jpg
1, black_headed_night_monkey,input/training/n0/n0137.jpg
1, black_headed_night_monkey,input/training/n0/n0148.jpg
1, black_headed_night_monkey,input/training/n0/n0022.jpg
1, black_headed_night_monkey,input/training/n0/n0047.jpg
1, black_headed_night_monkey,input/training/n0/n0120.jpg
1, black_headed_night_monkey,input/training/n0/n0053.jpg
1, black_headed_night_monkey,input/training/n0/n0163.jpg
1, black_headed_night_monkey,input/training/n0/n0052.jpg
1, black_headed_night_monkey,input/training/n0/n0117.jpg
1, black_headed_night_monkey,input/training/n0/n0036.jpg
1, black_headed_night_monkey,input/training/n0/n0151.jpg
1, black_headed_night_monkey,input/training/n0/n0115.jpg
1, black_headed_night_monkey,input/training/n0/n0135.jpg
1, black_headed_night_monkey,input/training/n0/n0042.jpg
1, black_headed_night_monkey,input/training/n0/n0023.jpg
1, black_headed_night_monkey,input/training/n0/n0050.jpg
1, black_headed_night_monkey,input/training/n0/n0142.jpg
1, black_headed_night_monkey,input/training/n0/n0170.jpg
1, black_headed_night_monkey,input/training/n0/n0157.jpg
1, black_headed_night_monkey,input/training/n0/n0132.jpg
1, black_headed_night_monkey,input/training/n0/n0162.jpg
1, black_headed_night_monkey,input/training/n0/n0150.jpg
1, black_headed_night_monkey,input/training/n0/n0119.jpg
1, black_headed_night_monkey,input/training/n0/n0032.jpg
1, black_headed_night_monkey,input/training/n0/n0129.jpg
1, black_headed_night_monkey,input/training/n0/n0033.jpg
1, black_headed_night_monkey,input/training/n0/n0044.jpg
1, black_headed_night_monkey,input/training/n0/n0164.jpg
1, black_headed_night_monkey,input/training/n0/n0126.jpg
5, nilgiri_langur,input/training/n9/n9042.jpg
5, nilgiri_langur,input/training/n9/n9016.jpg
5, nilgiri_langur,input/training/n9/n9028.jpg
5, nilgiri_langur,input/training/n9/n9162.jpg
5, nilgiri_langur,input/training/n9/n9039.jpg
5, nilgiri_langur,input/training/n9/n9056.jpg
5, nilgiri_langur,input/training/n9/n9034.jpg
5, nilgiri_langur,input/training/n9/n9121.jpg
5, nilgiri_langur,input/training/n9/n9119.jpg
5, nilgiri_langur,input/training/n9/n9155.jpg
5, nilgiri_langur,input/training/n9/n9133.jpg
5, nilgiri_langur,input/training/n9/n9123.jpg
5, nilgiri_langur,input/training/n9/n9110.jpg
5, nilgiri_langur,input/training/n9/n9019.jpg
5, nilgiri_langur,input/training/n9/n9066.jpg
5, nilgiri_langur,input/training/n9/n9114.jpg
5, nilgiri_langur,input/training/n9/n9062.jpg
5, nilgiri_langur,input/training/n9/n9023.jpg
5, nilgiri_langur,input/training/n9/n9043.jpg
5, nilgiri_langur,input/training/n9/n9129.jpg
5, nilgiri_langur,input/training/n9/n9131.jpg
5, nilgiri_langur,input/training/n9/n9144.jpg
5, nilgiri_langur,input/training/n9/n9035.jpg
5, nilgiri_langur,input/training/n9/n9046.jpg
5, nilgiri_langur,input/training/n9/n9117.jpg
5, nilgiri_langur,input/training/n9/n9142.jpg
5, nilgiri_langur,input/training/n9/n9140.jpg
5, nilgiri_langur,input/training/n9/n9047.jpg
5, nilgiri_langur,input/training/n9/n9130.jpg
5, nilgiri_langur,input/training/n9/n9052.jpg
5, nilgiri_langur,input/training/n9/n9065.jpg
5, nilgiri_langur,input/training/n9/n9027.jpg
5, nilgiri_langur,input/training/n9/n9158.jpg
5, nilgiri_langur,input/training/n9/n9048.jpg
5, nilgiri_langur,input/training/n9/n9054.jpg
5, nilgiri_langur,input/training/n9/n917.jpg
5, nilgiri_langur,input/training/n9/n9037.jpg
5, nilgiri_langur,input/training/n9/n9153.jpg
5, nilgiri_langur,input/training/n9/n9045.jpg
5, nilgiri_langur,input/training/n9/n9128.jpg
5, nilgiri_langur,input/training/n9/n9022.jpg
5, nilgiri_langur,input/training/n9/n9053.jpg
5, nilgiri_langur,input/training/n9/n9067.jpg
5, nilgiri_langur,input/training/n9/n9124.jpg
5, nilgiri_langur,input/training/n9/n9115.jpg
5, nilgiri_langur,input/training/n9/n9055.jpg
5, nilgiri_langur,input/training/n9/n9050.jpg
5, nilgiri_langur,input/training/n9/n9031.jpg
5, nilgiri_langur,input/training/n9/n9136.jpg
5, nilgiri_langur,input/training/n9/n9127.jpg
5, nilgiri_langur,input/training/n9/n9143.jpg
5, nilgiri_langur,input/training/n9/n9161.jpg
5, nilgiri_langur,input/training/n9/n9126.jpg
5, nilgiri_langur,input/training/n9/n9125.jpg
5, nilgiri_langur,input/training/n9/n9018.jpg
5, nilgiri_langur,input/training/n9/n9014.jpg
5, nilgiri_langur,input/training/n9/n9044.jpg
5, nilgiri_langur,input/training/n9/n9038.jpg
5, nilgiri_langur,input/training/n9/n9141.jpg
5, nilgiri_langur,input/training/n9/n9060.jpg
5, nilgiri_langur,input/training/n9/n9017.jpg
5, nilgiri_langur,input/training/n9/n9032.jpg
5, nilgiri_langur,input/training/n9/n9151.jpg
5, nilgiri_langur,input/training/n9/n9061.jpg
5, nilgiri_langur,input/training/n9/n9145.jpg
5, nilgiri_langur,input/training/n9/n9154.jpg
5, nilgiri_langur,input/training/n9/n9137.jpg
5, nilgiri_langur,input/training/n9/n9163.jpg
5, nilgiri_langur,input/training/n9/n9058.jpg
5, nilgiri_langur,input/training/n9/n9113.jpg
5, nilgiri_langur,input/training/n9/n9132.jpg
5, nilgiri_langur,input/training/n9/n9135.jpg
5, nilgiri_langur,input/training/n9/n9120.jpg
5, nilgiri_langur,input/training/n9/n9148.jpg
5, nilgiri_langur,input/training/n9/n9057.jpg
5, nilgiri_langur,input/training/n9/n9159.jpg
5, nilgiri_langur,input/training/n9/n9029.jpg
5, nilgiri_langur,input/training/n9/n9139.jpg
5, nilgiri_langur,input/training/n9/n9116.jpg
5, nilgiri_langur,input/training/n9/n9041.jpg
5, nilgiri_langur,input/training/n9/n9122.jpg
5, nilgiri_langur,input/training/n9/n9146.jpg
5, nilgiri_langur,input/training/n9/n9025.jpg
5, nilgiri_langur,input/training/n9/n9059.jpg
5, nilgiri_langur,input/training/n9/n9064.jpg
5, nilgiri_langur,input/training/n9/n9033.jpg
5, nilgiri_langur,input/training/n9/n919.jpg
5, nilgiri_langur,input/training/n9/n9150.jpg
5, nilgiri_langur,input/training/n9/n9111.jpg
5, nilgiri_langur,input/training/n9/n9118.jpg
5, nilgiri_langur,input/training/n9/n9051.jpg
5, nilgiri_langur,input/training/n9/n9040.jpg
5, nilgiri_langur,input/training/n9/n915.jpg
5, nilgiri_langur,input/training/n9/n9152.jpg
5, nilgiri_langur,input/training/n9/n9147.jpg
5, nilgiri_langur,input/training/n9/n9020.jpg
5, nilgiri_langur,input/training/n9/n9134.jpg
5, nilgiri_langur,input/training/n9/n9112.jpg
5, nilgiri_langur,input/training/n9/n9156.jpg
5, nilgiri_langur,input/training/n9/n9036.jpg
5, nilgiri_langur,input/training/n9/n9157.jpg
5, nilgiri_langur,input/training/n9/n9063.jpg
5, nilgiri_langur,input/training/n9/n9138.jpg
5, nilgiri_langur,input/training/n9/n9049.jpg
